Peptide	Protein	Replicate	Precursor Mz	Precursor Charge	Product Mz	Product Charge	Fragment Ion	Retention Time	Area	Background	Peak Rank	Isotope Label Type
KEGVVHGVATVAE	sp|P37840-D119|SYUA_HUMAN_D119	TR_LN_bl	656.327614	2	1181.558918	1	y12	17.54	0	0	0	heavy
KEGVVHGVATVAE	sp|P37840-D119|SYUA_HUMAN_D119	00-TR_LysN_01	656.327614	2	1181.558918	1	y12	18.05	55603	0	10	heavy
KEGVVHGVATVAE	sp|P37840-D119|SYUA_HUMAN_D119	05-TR_LysN_01	656.327614	2	1181.558918	1	y12	18.03	53736	0	10	heavy
KEGVVHGVATVAE	sp|P37840-D119|SYUA_HUMAN_D119	06-TR_LysN_01	656.327614	2	1181.558918	1	y12	18.05	54994	0	10	heavy
KEGVVHGVATVAE	sp|P37840-D119|SYUA_HUMAN_D119	HU-TR_LN_bl	656.327614	2	1181.558918	1	y12	18.21	0	0	0	heavy
KEGVVHGVATVAE	sp|P37840-D119|SYUA_HUMAN_D119	119-HU-TR_LysN_01	656.327614	2	1181.558918	1	y12	18.5	68075	0	8	heavy
KEGVVHGVATVAE	sp|P37840-D119|SYUA_HUMAN_D119	126-HU-TR_LysN_01	656.327614	2	1181.558918	1	y12	18.59	52459	0	11	heavy
KEGVVHGVATVAE	sp|P37840-D119|SYUA_HUMAN_D119	127-HU-TR_LysN_01	656.327614	2	1181.558918	1	y12	18.66	54545	0	10	heavy
KEGVVHGVATVAE	sp|P37840-D119|SYUA_HUMAN_D119	WT_LN_bl	656.327614	2	1181.558918	1	y12	18.37	0	0	0	heavy
KEGVVHGVATVAE	sp|P37840-D119|SYUA_HUMAN_D119	00-WT_LysN_01	656.327614	2	1181.558918	1	y12	18.93	10751	0	10	heavy
KEGVVHGVATVAE	sp|P37840-D119|SYUA_HUMAN_D119	14-WT_LysN_01	656.327614	2	1181.558918	1	y12	18.69	58679	0	10	heavy
KEGVVHGVATVAE	sp|P37840-D119|SYUA_HUMAN_D119	15-WT_LysN_01	656.327614	2	1181.558918	1	y12	18.85	57961	0	10	heavy
KEGVVHGVATVAE	sp|P37840-D119|SYUA_HUMAN_D119	16-WT_LysN_01	656.327614	2	1181.558918	1	y12	18.93	24405	0	10	heavy
KEGVVHGVATVAE	sp|P37840-D119|SYUA_HUMAN_D119	TR_LN_bl	656.327614	2	1051.51929	1	y11	17.54	0	0	0	heavy
KEGVVHGVATVAE	sp|P37840-D119|SYUA_HUMAN_D119	00-TR_LysN_01	656.327614	2	1051.51929	1	y11	18.05	74089	0	8	heavy
KEGVVHGVATVAE	sp|P37840-D119|SYUA_HUMAN_D119	05-TR_LysN_01	656.327614	2	1051.51929	1	y11	18.03	77089	0	8	heavy
KEGVVHGVATVAE	sp|P37840-D119|SYUA_HUMAN_D119	06-TR_LysN_01	656.327614	2	1051.51929	1	y11	18.07	74603	0	8	heavy
KEGVVHGVATVAE	sp|P37840-D119|SYUA_HUMAN_D119	HU-TR_LN_bl	656.327614	2	1051.51929	1	y11	18.21	0	0	0	heavy
KEGVVHGVATVAE	sp|P37840-D119|SYUA_HUMAN_D119	119-HU-TR_LysN_01	656.327614	2	1051.51929	1	y11	18.53	67405	0	9	heavy
KEGVVHGVATVAE	sp|P37840-D119|SYUA_HUMAN_D119	126-HU-TR_LysN_01	656.327614	2	1051.51929	1	y11	18.59	72767	0	8	heavy
KEGVVHGVATVAE	sp|P37840-D119|SYUA_HUMAN_D119	127-HU-TR_LysN_01	656.327614	2	1051.51929	1	y11	18.69	76575	0	8	heavy
KEGVVHGVATVAE	sp|P37840-D119|SYUA_HUMAN_D119	WT_LN_bl	656.327614	2	1051.51929	1	y11	18.37	0	0	0	heavy
KEGVVHGVATVAE	sp|P37840-D119|SYUA_HUMAN_D119	00-WT_LysN_01	656.327614	2	1051.51929	1	y11	18.93	12249	0	9	heavy
KEGVVHGVATVAE	sp|P37840-D119|SYUA_HUMAN_D119	14-WT_LysN_01	656.327614	2	1051.51929	1	y11	18.72	78567	0	8	heavy
KEGVVHGVATVAE	sp|P37840-D119|SYUA_HUMAN_D119	15-WT_LysN_01	656.327614	2	1051.51929	1	y11	18.85	61179	0	8	heavy
KEGVVHGVATVAE	sp|P37840-D119|SYUA_HUMAN_D119	16-WT_LysN_01	656.327614	2	1051.51929	1	y11	18.93	30336	0	8	heavy
KEGVVHGVATVAE	sp|P37840-D119|SYUA_HUMAN_D119	TR_LN_bl	656.327614	2	893.435342	1	y9	17.54	0	0	0	heavy
KEGVVHGVATVAE	sp|P37840-D119|SYUA_HUMAN_D119	00-TR_LysN_01	656.327614	2	893.435342	1	y9	18.05	72565	0	9	heavy
KEGVVHGVATVAE	sp|P37840-D119|SYUA_HUMAN_D119	05-TR_LysN_01	656.327614	2	893.435342	1	y9	18.03	61961	29	9	heavy
KEGVVHGVATVAE	sp|P37840-D119|SYUA_HUMAN_D119	06-TR_LysN_01	656.327614	2	893.435342	1	y9	18.07	59777	0	9	heavy
KEGVVHGVATVAE	sp|P37840-D119|SYUA_HUMAN_D119	HU-TR_LN_bl	656.327614	2	893.435342	1	y9	18.21	0	0	0	heavy
KEGVVHGVATVAE	sp|P37840-D119|SYUA_HUMAN_D119	119-HU-TR_LysN_01	656.327614	2	893.435342	1	y9	18.53	63742	0	10	heavy
KEGVVHGVATVAE	sp|P37840-D119|SYUA_HUMAN_D119	126-HU-TR_LysN_01	656.327614	2	893.435342	1	y9	18.59	64865	0	9	heavy
KEGVVHGVATVAE	sp|P37840-D119|SYUA_HUMAN_D119	127-HU-TR_LysN_01	656.327614	2	893.435342	1	y9	18.69	64333	0	9	heavy
KEGVVHGVATVAE	sp|P37840-D119|SYUA_HUMAN_D119	WT_LN_bl	656.327614	2	893.435342	1	y9	18.37	0	0	0	heavy
KEGVVHGVATVAE	sp|P37840-D119|SYUA_HUMAN_D119	00-WT_LysN_01	656.327614	2	893.435342	1	y9	18.93	13506	860	8	heavy
KEGVVHGVATVAE	sp|P37840-D119|SYUA_HUMAN_D119	14-WT_LysN_01	656.327614	2	893.435342	1	y9	18.69	63875	0	9	heavy
KEGVVHGVATVAE	sp|P37840-D119|SYUA_HUMAN_D119	15-WT_LysN_01	656.327614	2	893.435342	1	y9	18.88	58977	0	9	heavy
KEGVVHGVATVAE	sp|P37840-D119|SYUA_HUMAN_D119	16-WT_LysN_01	656.327614	2	893.435342	1	y9	18.93	29143	0	9	heavy
KEGVVHGVATVAE	sp|P37840-D119|SYUA_HUMAN_D119	TR_LN_bl	656.327614	2	793.369893	1	y8	17.54	0	0	0	heavy
KEGVVHGVATVAE	sp|P37840-D119|SYUA_HUMAN_D119	00-TR_LysN_01	656.327614	2	793.369893	1	y8	18.05	289945	0	7	heavy
KEGVVHGVATVAE	sp|P37840-D119|SYUA_HUMAN_D119	05-TR_LysN_01	656.327614	2	793.369893	1	y8	18.03	279043	3634	7	heavy
KEGVVHGVATVAE	sp|P37840-D119|SYUA_HUMAN_D119	06-TR_LysN_01	656.327614	2	793.369893	1	y8	18.07	290944	74	7	heavy
KEGVVHGVATVAE	sp|P37840-D119|SYUA_HUMAN_D119	HU-TR_LN_bl	656.327614	2	793.369893	1	y8	18.21	0	0	0	heavy
KEGVVHGVATVAE	sp|P37840-D119|SYUA_HUMAN_D119	119-HU-TR_LysN_01	656.327614	2	793.369893	1	y8	18.5	308749	4378	7	heavy
KEGVVHGVATVAE	sp|P37840-D119|SYUA_HUMAN_D119	126-HU-TR_LysN_01	656.327614	2	793.369893	1	y8	18.56	304812	934	7	heavy
KEGVVHGVATVAE	sp|P37840-D119|SYUA_HUMAN_D119	127-HU-TR_LysN_01	656.327614	2	793.369893	1	y8	18.69	288582	3482	7	heavy
KEGVVHGVATVAE	sp|P37840-D119|SYUA_HUMAN_D119	WT_LN_bl	656.327614	2	793.369893	1	y8	18.37	0	0	0	heavy
KEGVVHGVATVAE	sp|P37840-D119|SYUA_HUMAN_D119	00-WT_LysN_01	656.327614	2	793.369893	1	y8	18.93	58508	1078	7	heavy
KEGVVHGVATVAE	sp|P37840-D119|SYUA_HUMAN_D119	14-WT_LysN_01	656.327614	2	793.369893	1	y8	18.72	310018	196	7	heavy
KEGVVHGVATVAE	sp|P37840-D119|SYUA_HUMAN_D119	15-WT_LysN_01	656.327614	2	793.369893	1	y8	18.85	275721	478	7	heavy
KEGVVHGVATVAE	sp|P37840-D119|SYUA_HUMAN_D119	16-WT_LysN_01	656.327614	2	793.369893	1	y8	18.93	139263	0	7	heavy
KEGVVHGVATVAE	sp|P37840-D119|SYUA_HUMAN_D119	TR_LN_bl	656.327614	2	653.319877	1	y7	17.54	0	0	0	heavy
KEGVVHGVATVAE	sp|P37840-D119|SYUA_HUMAN_D119	00-TR_LysN_01	656.327614	2	653.319877	1	y7	18.05	43462	0	11	heavy
KEGVVHGVATVAE	sp|P37840-D119|SYUA_HUMAN_D119	05-TR_LysN_01	656.327614	2	653.319877	1	y7	18.06	48709	547	11	heavy
KEGVVHGVATVAE	sp|P37840-D119|SYUA_HUMAN_D119	06-TR_LysN_01	656.327614	2	653.319877	1	y7	18.07	40202	0	11	heavy
KEGVVHGVATVAE	sp|P37840-D119|SYUA_HUMAN_D119	HU-TR_LN_bl	656.327614	2	653.319877	1	y7	18.21	0	0	0	heavy
KEGVVHGVATVAE	sp|P37840-D119|SYUA_HUMAN_D119	119-HU-TR_LysN_01	656.327614	2	653.319877	1	y7	18.53	54612	1243	11	heavy
KEGVVHGVATVAE	sp|P37840-D119|SYUA_HUMAN_D119	126-HU-TR_LysN_01	656.327614	2	653.319877	1	y7	18.59	57493	149	10	heavy
KEGVVHGVATVAE	sp|P37840-D119|SYUA_HUMAN_D119	127-HU-TR_LysN_01	656.327614	2	653.319877	1	y7	18.69	48635	3019	11	heavy
KEGVVHGVATVAE	sp|P37840-D119|SYUA_HUMAN_D119	WT_LN_bl	656.327614	2	653.319877	1	y7	18.37	0	0	0	heavy
KEGVVHGVATVAE	sp|P37840-D119|SYUA_HUMAN_D119	00-WT_LysN_01	656.327614	2	653.319877	1	y7	18.93	8880	0	11	heavy
KEGVVHGVATVAE	sp|P37840-D119|SYUA_HUMAN_D119	14-WT_LysN_01	656.327614	2	653.319877	1	y7	18.69	50679	38	11	heavy
KEGVVHGVATVAE	sp|P37840-D119|SYUA_HUMAN_D119	15-WT_LysN_01	656.327614	2	653.319877	1	y7	18.85	41783	280	11	heavy
KEGVVHGVATVAE	sp|P37840-D119|SYUA_HUMAN_D119	16-WT_LysN_01	656.327614	2	653.319877	1	y7	18.93	19648	0	11	heavy
KEGVVHGVATVAE	sp|P37840-D119|SYUA_HUMAN_D119	TR_LN_bl	656.327614	2	519.285334	1	b5	17.54	0	0	0	heavy
KEGVVHGVATVAE	sp|P37840-D119|SYUA_HUMAN_D119	00-TR_LysN_01	656.327614	2	519.285334	1	b5	18.05	895372	205	2	heavy
KEGVVHGVATVAE	sp|P37840-D119|SYUA_HUMAN_D119	05-TR_LysN_01	656.327614	2	519.285334	1	b5	18.03	906680	26375	2	heavy
KEGVVHGVATVAE	sp|P37840-D119|SYUA_HUMAN_D119	06-TR_LysN_01	656.327614	2	519.285334	1	b5	18.07	937199	5119	2	heavy
KEGVVHGVATVAE	sp|P37840-D119|SYUA_HUMAN_D119	HU-TR_LN_bl	656.327614	2	519.285334	1	b5	18.21	0	0	0	heavy
KEGVVHGVATVAE	sp|P37840-D119|SYUA_HUMAN_D119	119-HU-TR_LysN_01	656.327614	2	519.285334	1	b5	18.53	1052500	3252	2	heavy
KEGVVHGVATVAE	sp|P37840-D119|SYUA_HUMAN_D119	126-HU-TR_LysN_01	656.327614	2	519.285334	1	b5	18.56	1015464	5862	2	heavy
KEGVVHGVATVAE	sp|P37840-D119|SYUA_HUMAN_D119	127-HU-TR_LysN_01	656.327614	2	519.285334	1	b5	18.69	957265	17514	2	heavy
KEGVVHGVATVAE	sp|P37840-D119|SYUA_HUMAN_D119	WT_LN_bl	656.327614	2	519.285334	1	b5	18.37	0	0	0	heavy
KEGVVHGVATVAE	sp|P37840-D119|SYUA_HUMAN_D119	00-WT_LysN_01	656.327614	2	519.285334	1	b5	18.93	189035	1598	2	heavy
KEGVVHGVATVAE	sp|P37840-D119|SYUA_HUMAN_D119	14-WT_LysN_01	656.327614	2	519.285334	1	b5	18.72	990804	3620	2	heavy
KEGVVHGVATVAE	sp|P37840-D119|SYUA_HUMAN_D119	15-WT_LysN_01	656.327614	2	519.285334	1	b5	18.85	934001	374	2	heavy
KEGVVHGVATVAE	sp|P37840-D119|SYUA_HUMAN_D119	16-WT_LysN_01	656.327614	2	519.285334	1	b5	18.93	456010	2383	2	heavy
KEGVVHGVATVAE	sp|P37840-D119|SYUA_HUMAN_D119	TR_LN_bl	656.327614	2	659.335351	1	b6	17.54	0	0	0	heavy
KEGVVHGVATVAE	sp|P37840-D119|SYUA_HUMAN_D119	00-TR_LysN_01	656.327614	2	659.335351	1	b6	18.05	1279907	2422	1	heavy
KEGVVHGVATVAE	sp|P37840-D119|SYUA_HUMAN_D119	05-TR_LysN_01	656.327614	2	659.335351	1	b6	18.03	1289029	33498	1	heavy
KEGVVHGVATVAE	sp|P37840-D119|SYUA_HUMAN_D119	06-TR_LysN_01	656.327614	2	659.335351	1	b6	18.07	1368090	757	1	heavy
KEGVVHGVATVAE	sp|P37840-D119|SYUA_HUMAN_D119	HU-TR_LN_bl	656.327614	2	659.335351	1	b6	18.21	0	0	0	heavy
KEGVVHGVATVAE	sp|P37840-D119|SYUA_HUMAN_D119	119-HU-TR_LysN_01	656.327614	2	659.335351	1	b6	18.53	1466113	3651	1	heavy
KEGVVHGVATVAE	sp|P37840-D119|SYUA_HUMAN_D119	126-HU-TR_LysN_01	656.327614	2	659.335351	1	b6	18.56	1376048	19865	1	heavy
KEGVVHGVATVAE	sp|P37840-D119|SYUA_HUMAN_D119	127-HU-TR_LysN_01	656.327614	2	659.335351	1	b6	18.69	1295186	19256	1	heavy
KEGVVHGVATVAE	sp|P37840-D119|SYUA_HUMAN_D119	WT_LN_bl	656.327614	2	659.335351	1	b6	18.37	0	0	0	heavy
KEGVVHGVATVAE	sp|P37840-D119|SYUA_HUMAN_D119	00-WT_LysN_01	656.327614	2	659.335351	1	b6	18.93	275283	2	1	heavy
KEGVVHGVATVAE	sp|P37840-D119|SYUA_HUMAN_D119	14-WT_LysN_01	656.327614	2	659.335351	1	b6	18.72	1329721	127	1	heavy
KEGVVHGVATVAE	sp|P37840-D119|SYUA_HUMAN_D119	15-WT_LysN_01	656.327614	2	659.335351	1	b6	18.85	1319430	3752	1	heavy
KEGVVHGVATVAE	sp|P37840-D119|SYUA_HUMAN_D119	16-WT_LysN_01	656.327614	2	659.335351	1	b6	18.93	634412	5009	1	heavy
KEGVVHGVATVAE	sp|P37840-D119|SYUA_HUMAN_D119	TR_LN_bl	656.327614	2	717.353849	1	b7	17.54	0	0	0	heavy
KEGVVHGVATVAE	sp|P37840-D119|SYUA_HUMAN_D119	00-TR_LysN_01	656.327614	2	717.353849	1	b7	18.05	496333	0	6	heavy
KEGVVHGVATVAE	sp|P37840-D119|SYUA_HUMAN_D119	05-TR_LysN_01	656.327614	2	717.353849	1	b7	18.03	497011	19060	6	heavy
KEGVVHGVATVAE	sp|P37840-D119|SYUA_HUMAN_D119	06-TR_LysN_01	656.327614	2	717.353849	1	b7	18.07	496758	4108	6	heavy
KEGVVHGVATVAE	sp|P37840-D119|SYUA_HUMAN_D119	HU-TR_LN_bl	656.327614	2	717.353849	1	b7	18.21	0	0	0	heavy
KEGVVHGVATVAE	sp|P37840-D119|SYUA_HUMAN_D119	119-HU-TR_LysN_01	656.327614	2	717.353849	1	b7	18.5	571394	1909	6	heavy
KEGVVHGVATVAE	sp|P37840-D119|SYUA_HUMAN_D119	126-HU-TR_LysN_01	656.327614	2	717.353849	1	b7	18.56	547047	275	6	heavy
KEGVVHGVATVAE	sp|P37840-D119|SYUA_HUMAN_D119	127-HU-TR_LysN_01	656.327614	2	717.353849	1	b7	18.69	502655	7484	6	heavy
KEGVVHGVATVAE	sp|P37840-D119|SYUA_HUMAN_D119	WT_LN_bl	656.327614	2	717.353849	1	b7	18.37	0	0	0	heavy
KEGVVHGVATVAE	sp|P37840-D119|SYUA_HUMAN_D119	00-WT_LysN_01	656.327614	2	717.353849	1	b7	18.93	103750	0	6	heavy
KEGVVHGVATVAE	sp|P37840-D119|SYUA_HUMAN_D119	14-WT_LysN_01	656.327614	2	717.353849	1	b7	18.72	546621	875	6	heavy
KEGVVHGVATVAE	sp|P37840-D119|SYUA_HUMAN_D119	15-WT_LysN_01	656.327614	2	717.353849	1	b7	18.85	511118	0	6	heavy
KEGVVHGVATVAE	sp|P37840-D119|SYUA_HUMAN_D119	16-WT_LysN_01	656.327614	2	717.353849	1	b7	18.93	246759	7055	6	heavy
KEGVVHGVATVAE	sp|P37840-D119|SYUA_HUMAN_D119	TR_LN_bl	656.327614	2	817.419298	1	b8	17.54	0	0	0	heavy
KEGVVHGVATVAE	sp|P37840-D119|SYUA_HUMAN_D119	00-TR_LysN_01	656.327614	2	817.419298	1	b8	18.05	772819	1074	3	heavy
KEGVVHGVATVAE	sp|P37840-D119|SYUA_HUMAN_D119	05-TR_LysN_01	656.327614	2	817.419298	1	b8	18.03	743939	26190	3	heavy
KEGVVHGVATVAE	sp|P37840-D119|SYUA_HUMAN_D119	06-TR_LysN_01	656.327614	2	817.419298	1	b8	18.07	778914	2377	3	heavy
KEGVVHGVATVAE	sp|P37840-D119|SYUA_HUMAN_D119	HU-TR_LN_bl	656.327614	2	817.419298	1	b8	18.21	0	0	0	heavy
KEGVVHGVATVAE	sp|P37840-D119|SYUA_HUMAN_D119	119-HU-TR_LysN_01	656.327614	2	817.419298	1	b8	18.53	793113	0	3	heavy
KEGVVHGVATVAE	sp|P37840-D119|SYUA_HUMAN_D119	126-HU-TR_LysN_01	656.327614	2	817.419298	1	b8	18.56	841843	2099	3	heavy
KEGVVHGVATVAE	sp|P37840-D119|SYUA_HUMAN_D119	127-HU-TR_LysN_01	656.327614	2	817.419298	1	b8	18.69	744320	7597	3	heavy
KEGVVHGVATVAE	sp|P37840-D119|SYUA_HUMAN_D119	WT_LN_bl	656.327614	2	817.419298	1	b8	18.37	0	0	0	heavy
KEGVVHGVATVAE	sp|P37840-D119|SYUA_HUMAN_D119	00-WT_LysN_01	656.327614	2	817.419298	1	b8	18.93	159706	0	3	heavy
KEGVVHGVATVAE	sp|P37840-D119|SYUA_HUMAN_D119	14-WT_LysN_01	656.327614	2	817.419298	1	b8	18.69	834985	0	3	heavy
KEGVVHGVATVAE	sp|P37840-D119|SYUA_HUMAN_D119	15-WT_LysN_01	656.327614	2	817.419298	1	b8	18.85	781803	201	3	heavy
KEGVVHGVATVAE	sp|P37840-D119|SYUA_HUMAN_D119	16-WT_LysN_01	656.327614	2	817.419298	1	b8	18.93	392407	3649	3	heavy
KEGVVHGVATVAE	sp|P37840-D119|SYUA_HUMAN_D119	TR_LN_bl	656.327614	2	889.453447	1	b9	17.54	0	0	0	heavy
KEGVVHGVATVAE	sp|P37840-D119|SYUA_HUMAN_D119	00-TR_LysN_01	656.327614	2	889.453447	1	b9	18.05	672609	427	4	heavy
KEGVVHGVATVAE	sp|P37840-D119|SYUA_HUMAN_D119	05-TR_LysN_01	656.327614	2	889.453447	1	b9	18.03	642942	14893	5	heavy
KEGVVHGVATVAE	sp|P37840-D119|SYUA_HUMAN_D119	06-TR_LysN_01	656.327614	2	889.453447	1	b9	18.07	702740	649	4	heavy
KEGVVHGVATVAE	sp|P37840-D119|SYUA_HUMAN_D119	HU-TR_LN_bl	656.327614	2	889.453447	1	b9	18.21	0	0	0	heavy
KEGVVHGVATVAE	sp|P37840-D119|SYUA_HUMAN_D119	119-HU-TR_LysN_01	656.327614	2	889.453447	1	b9	18.5	719210	1437	4	heavy
KEGVVHGVATVAE	sp|P37840-D119|SYUA_HUMAN_D119	126-HU-TR_LysN_01	656.327614	2	889.453447	1	b9	18.56	669147	1735	4	heavy
KEGVVHGVATVAE	sp|P37840-D119|SYUA_HUMAN_D119	127-HU-TR_LysN_01	656.327614	2	889.453447	1	b9	18.66	719670	10480	4	heavy
KEGVVHGVATVAE	sp|P37840-D119|SYUA_HUMAN_D119	WT_LN_bl	656.327614	2	889.453447	1	b9	18.37	0	0	0	heavy
KEGVVHGVATVAE	sp|P37840-D119|SYUA_HUMAN_D119	00-WT_LysN_01	656.327614	2	889.453447	1	b9	18.93	145471	0	4	heavy
KEGVVHGVATVAE	sp|P37840-D119|SYUA_HUMAN_D119	14-WT_LysN_01	656.327614	2	889.453447	1	b9	18.72	702563	0	4	heavy
KEGVVHGVATVAE	sp|P37840-D119|SYUA_HUMAN_D119	15-WT_LysN_01	656.327614	2	889.453447	1	b9	18.85	670542	0	4	heavy
KEGVVHGVATVAE	sp|P37840-D119|SYUA_HUMAN_D119	16-WT_LysN_01	656.327614	2	889.453447	1	b9	18.93	331649	1524	4	heavy
KEGVVHGVATVAE	sp|P37840-D119|SYUA_HUMAN_D119	TR_LN_bl	656.327614	2	991.498161	1	b10	17.54	0	0	0	heavy
KEGVVHGVATVAE	sp|P37840-D119|SYUA_HUMAN_D119	00-TR_LysN_01	656.327614	2	991.498161	1	b10	18.05	659954	0	5	heavy
KEGVVHGVATVAE	sp|P37840-D119|SYUA_HUMAN_D119	05-TR_LysN_01	656.327614	2	991.498161	1	b10	18.03	645516	35902	4	heavy
KEGVVHGVATVAE	sp|P37840-D119|SYUA_HUMAN_D119	06-TR_LysN_01	656.327614	2	991.498161	1	b10	18.07	628138	5520	5	heavy
KEGVVHGVATVAE	sp|P37840-D119|SYUA_HUMAN_D119	HU-TR_LN_bl	656.327614	2	991.498161	1	b10	18.21	0	0	0	heavy
KEGVVHGVATVAE	sp|P37840-D119|SYUA_HUMAN_D119	119-HU-TR_LysN_01	656.327614	2	991.498161	1	b10	18.5	705437	3620	5	heavy
KEGVVHGVATVAE	sp|P37840-D119|SYUA_HUMAN_D119	126-HU-TR_LysN_01	656.327614	2	991.498161	1	b10	18.56	662269	12	5	heavy
KEGVVHGVATVAE	sp|P37840-D119|SYUA_HUMAN_D119	127-HU-TR_LysN_01	656.327614	2	991.498161	1	b10	18.66	685541	8001	5	heavy
KEGVVHGVATVAE	sp|P37840-D119|SYUA_HUMAN_D119	WT_LN_bl	656.327614	2	991.498161	1	b10	18.37	0	0	0	heavy
KEGVVHGVATVAE	sp|P37840-D119|SYUA_HUMAN_D119	00-WT_LysN_01	656.327614	2	991.498161	1	b10	18.93	121823	0	5	heavy
KEGVVHGVATVAE	sp|P37840-D119|SYUA_HUMAN_D119	14-WT_LysN_01	656.327614	2	991.498161	1	b10	18.72	663484	0	5	heavy
KEGVVHGVATVAE	sp|P37840-D119|SYUA_HUMAN_D119	15-WT_LysN_01	656.327614	2	991.498161	1	b10	18.85	618375	0	5	heavy
KEGVVHGVATVAE	sp|P37840-D119|SYUA_HUMAN_D119	16-WT_LysN_01	656.327614	2	991.498161	1	b10	18.93	316272	1702	5	heavy
KNEEGAPQEGILEDMPVD	sp|P37840-D119|SYUA_HUMAN_D119	TR_LN_bl	985.95422	2	1342.619509	1	y12	#N/A	#N/A	#N/A	#N/A	light
KNEEGAPQEGILEDMPVD	sp|P37840-D119|SYUA_HUMAN_D119	00-TR_LysN_01	985.95422	2	1342.619509	1	y12	37.79	8613	0	8	light
KNEEGAPQEGILEDMPVD	sp|P37840-D119|SYUA_HUMAN_D119	05-TR_LysN_01	985.95422	2	1342.619509	1	y12	37.87	4657	0	11	light
KNEEGAPQEGILEDMPVD	sp|P37840-D119|SYUA_HUMAN_D119	06-TR_LysN_01	985.95422	2	1342.619509	1	y12	37.76	4690	0	10	light
KNEEGAPQEGILEDMPVD	sp|P37840-D119|SYUA_HUMAN_D119	HU-TR_LN_bl	985.95422	2	1342.619509	1	y12	#N/A	#N/A	#N/A	#N/A	light
KNEEGAPQEGILEDMPVD	sp|P37840-D119|SYUA_HUMAN_D119	119-HU-TR_LysN_01	985.95422	2	1342.619509	1	y12	38.35	2126	0	9	light
KNEEGAPQEGILEDMPVD	sp|P37840-D119|SYUA_HUMAN_D119	126-HU-TR_LysN_01	985.95422	2	1342.619509	1	y12	38.46	143	0	14	light
KNEEGAPQEGILEDMPVD	sp|P37840-D119|SYUA_HUMAN_D119	127-HU-TR_LysN_01	985.95422	2	1342.619509	1	y12	38.59	2822	0	7	light
KNEEGAPQEGILEDMPVD	sp|P37840-D119|SYUA_HUMAN_D119	WT_LN_bl	985.95422	2	1342.619509	1	y12	#N/A	#N/A	#N/A	#N/A	light
KNEEGAPQEGILEDMPVD	sp|P37840-D119|SYUA_HUMAN_D119	00-WT_LysN_01	985.95422	2	1342.619509	1	y12	#N/A	#N/A	#N/A	#N/A	light
KNEEGAPQEGILEDMPVD	sp|P37840-D119|SYUA_HUMAN_D119	14-WT_LysN_01	985.95422	2	1342.619509	1	y12	#N/A	#N/A	#N/A	#N/A	light
KNEEGAPQEGILEDMPVD	sp|P37840-D119|SYUA_HUMAN_D119	15-WT_LysN_01	985.95422	2	1342.619509	1	y12	#N/A	#N/A	#N/A	#N/A	light
KNEEGAPQEGILEDMPVD	sp|P37840-D119|SYUA_HUMAN_D119	16-WT_LysN_01	985.95422	2	1342.619509	1	y12	#N/A	#N/A	#N/A	#N/A	light
KNEEGAPQEGILEDMPVD	sp|P37840-D119|SYUA_HUMAN_D119	TR_LN_bl	985.95422	2	818.360046	1	y7	#N/A	#N/A	#N/A	#N/A	light
KNEEGAPQEGILEDMPVD	sp|P37840-D119|SYUA_HUMAN_D119	00-TR_LysN_01	985.95422	2	818.360046	1	y7	37.74	5186	0	11	light
KNEEGAPQEGILEDMPVD	sp|P37840-D119|SYUA_HUMAN_D119	05-TR_LysN_01	985.95422	2	818.360046	1	y7	37.84	3978	0	13	light
KNEEGAPQEGILEDMPVD	sp|P37840-D119|SYUA_HUMAN_D119	06-TR_LysN_01	985.95422	2	818.360046	1	y7	37.74	3864	0	12	light
KNEEGAPQEGILEDMPVD	sp|P37840-D119|SYUA_HUMAN_D119	HU-TR_LN_bl	985.95422	2	818.360046	1	y7	#N/A	#N/A	#N/A	#N/A	light
KNEEGAPQEGILEDMPVD	sp|P37840-D119|SYUA_HUMAN_D119	119-HU-TR_LysN_01	985.95422	2	818.360046	1	y7	38.4	256	0	13	light
KNEEGAPQEGILEDMPVD	sp|P37840-D119|SYUA_HUMAN_D119	126-HU-TR_LysN_01	985.95422	2	818.360046	1	y7	38.48	1085	0	9	light
KNEEGAPQEGILEDMPVD	sp|P37840-D119|SYUA_HUMAN_D119	127-HU-TR_LysN_01	985.95422	2	818.360046	1	y7	38.59	1802	0	11	light
KNEEGAPQEGILEDMPVD	sp|P37840-D119|SYUA_HUMAN_D119	WT_LN_bl	985.95422	2	818.360046	1	y7	#N/A	#N/A	#N/A	#N/A	light
KNEEGAPQEGILEDMPVD	sp|P37840-D119|SYUA_HUMAN_D119	00-WT_LysN_01	985.95422	2	818.360046	1	y7	#N/A	#N/A	#N/A	#N/A	light
KNEEGAPQEGILEDMPVD	sp|P37840-D119|SYUA_HUMAN_D119	14-WT_LysN_01	985.95422	2	818.360046	1	y7	#N/A	#N/A	#N/A	#N/A	light
KNEEGAPQEGILEDMPVD	sp|P37840-D119|SYUA_HUMAN_D119	15-WT_LysN_01	985.95422	2	818.360046	1	y7	#N/A	#N/A	#N/A	#N/A	light
KNEEGAPQEGILEDMPVD	sp|P37840-D119|SYUA_HUMAN_D119	16-WT_LysN_01	985.95422	2	818.360046	1	y7	#N/A	#N/A	#N/A	#N/A	light
KNEEGAPQEGILEDMPVD	sp|P37840-D119|SYUA_HUMAN_D119	TR_LN_bl	985.95422	2	705.275982	1	y6	#N/A	#N/A	#N/A	#N/A	light
KNEEGAPQEGILEDMPVD	sp|P37840-D119|SYUA_HUMAN_D119	00-TR_LysN_01	985.95422	2	705.275982	1	y6	37.79	2361	0	15	light
KNEEGAPQEGILEDMPVD	sp|P37840-D119|SYUA_HUMAN_D119	05-TR_LysN_01	985.95422	2	705.275982	1	y6	37.84	2601	0	14	light
KNEEGAPQEGILEDMPVD	sp|P37840-D119|SYUA_HUMAN_D119	06-TR_LysN_01	985.95422	2	705.275982	1	y6	37.87	1364	0	15	light
KNEEGAPQEGILEDMPVD	sp|P37840-D119|SYUA_HUMAN_D119	HU-TR_LN_bl	985.95422	2	705.275982	1	y6	#N/A	#N/A	#N/A	#N/A	light
KNEEGAPQEGILEDMPVD	sp|P37840-D119|SYUA_HUMAN_D119	119-HU-TR_LysN_01	985.95422	2	705.275982	1	y6	38.35	59	0	15	light
KNEEGAPQEGILEDMPVD	sp|P37840-D119|SYUA_HUMAN_D119	126-HU-TR_LysN_01	985.95422	2	705.275982	1	y6	38.59	48	0	15	light
KNEEGAPQEGILEDMPVD	sp|P37840-D119|SYUA_HUMAN_D119	127-HU-TR_LysN_01	985.95422	2	705.275982	1	y6	38.64	349	0	15	light
KNEEGAPQEGILEDMPVD	sp|P37840-D119|SYUA_HUMAN_D119	WT_LN_bl	985.95422	2	705.275982	1	y6	#N/A	#N/A	#N/A	#N/A	light
KNEEGAPQEGILEDMPVD	sp|P37840-D119|SYUA_HUMAN_D119	00-WT_LysN_01	985.95422	2	705.275982	1	y6	#N/A	#N/A	#N/A	#N/A	light
KNEEGAPQEGILEDMPVD	sp|P37840-D119|SYUA_HUMAN_D119	14-WT_LysN_01	985.95422	2	705.275982	1	y6	#N/A	#N/A	#N/A	#N/A	light
KNEEGAPQEGILEDMPVD	sp|P37840-D119|SYUA_HUMAN_D119	15-WT_LysN_01	985.95422	2	705.275982	1	y6	#N/A	#N/A	#N/A	#N/A	light
KNEEGAPQEGILEDMPVD	sp|P37840-D119|SYUA_HUMAN_D119	16-WT_LysN_01	985.95422	2	705.275982	1	y6	#N/A	#N/A	#N/A	#N/A	light
KNEEGAPQEGILEDMPVD	sp|P37840-D119|SYUA_HUMAN_D119	TR_LN_bl	985.95422	2	576.233389	1	y5	#N/A	#N/A	#N/A	#N/A	light
KNEEGAPQEGILEDMPVD	sp|P37840-D119|SYUA_HUMAN_D119	00-TR_LysN_01	985.95422	2	576.233389	1	y5	37.82	3607	0	13	light
KNEEGAPQEGILEDMPVD	sp|P37840-D119|SYUA_HUMAN_D119	05-TR_LysN_01	985.95422	2	576.233389	1	y5	37.84	4398	0	12	light
KNEEGAPQEGILEDMPVD	sp|P37840-D119|SYUA_HUMAN_D119	06-TR_LysN_01	985.95422	2	576.233389	1	y5	37.76	3502	0	13	light
KNEEGAPQEGILEDMPVD	sp|P37840-D119|SYUA_HUMAN_D119	HU-TR_LN_bl	985.95422	2	576.233389	1	y5	#N/A	#N/A	#N/A	#N/A	light
KNEEGAPQEGILEDMPVD	sp|P37840-D119|SYUA_HUMAN_D119	119-HU-TR_LysN_01	985.95422	2	576.233389	1	y5	38.32	2329	0	7	light
KNEEGAPQEGILEDMPVD	sp|P37840-D119|SYUA_HUMAN_D119	126-HU-TR_LysN_01	985.95422	2	576.233389	1	y5	38.48	1808	0	5	light
KNEEGAPQEGILEDMPVD	sp|P37840-D119|SYUA_HUMAN_D119	127-HU-TR_LysN_01	985.95422	2	576.233389	1	y5	38.62	2984	0	6	light
KNEEGAPQEGILEDMPVD	sp|P37840-D119|SYUA_HUMAN_D119	WT_LN_bl	985.95422	2	576.233389	1	y5	#N/A	#N/A	#N/A	#N/A	light
KNEEGAPQEGILEDMPVD	sp|P37840-D119|SYUA_HUMAN_D119	00-WT_LysN_01	985.95422	2	576.233389	1	y5	#N/A	#N/A	#N/A	#N/A	light
KNEEGAPQEGILEDMPVD	sp|P37840-D119|SYUA_HUMAN_D119	14-WT_LysN_01	985.95422	2	576.233389	1	y5	#N/A	#N/A	#N/A	#N/A	light
KNEEGAPQEGILEDMPVD	sp|P37840-D119|SYUA_HUMAN_D119	15-WT_LysN_01	985.95422	2	576.233389	1	y5	#N/A	#N/A	#N/A	#N/A	light
KNEEGAPQEGILEDMPVD	sp|P37840-D119|SYUA_HUMAN_D119	16-WT_LysN_01	985.95422	2	576.233389	1	y5	#N/A	#N/A	#N/A	#N/A	light
KNEEGAPQEGILEDMPVD	sp|P37840-D119|SYUA_HUMAN_D119	TR_LN_bl	985.95422	2	461.206446	1	y4	#N/A	#N/A	#N/A	#N/A	light
KNEEGAPQEGILEDMPVD	sp|P37840-D119|SYUA_HUMAN_D119	00-TR_LysN_01	985.95422	2	461.206446	1	y4	37.76	40045	0	2	light
KNEEGAPQEGILEDMPVD	sp|P37840-D119|SYUA_HUMAN_D119	05-TR_LysN_01	985.95422	2	461.206446	1	y4	37.79	30066	0	2	light
KNEEGAPQEGILEDMPVD	sp|P37840-D119|SYUA_HUMAN_D119	06-TR_LysN_01	985.95422	2	461.206446	1	y4	37.76	35331	0	2	light
KNEEGAPQEGILEDMPVD	sp|P37840-D119|SYUA_HUMAN_D119	HU-TR_LN_bl	985.95422	2	461.206446	1	y4	#N/A	#N/A	#N/A	#N/A	light
KNEEGAPQEGILEDMPVD	sp|P37840-D119|SYUA_HUMAN_D119	119-HU-TR_LysN_01	985.95422	2	461.206446	1	y4	38.38	8986	0	2	light
KNEEGAPQEGILEDMPVD	sp|P37840-D119|SYUA_HUMAN_D119	126-HU-TR_LysN_01	985.95422	2	461.206446	1	y4	38.4	6497	0	2	light
KNEEGAPQEGILEDMPVD	sp|P37840-D119|SYUA_HUMAN_D119	127-HU-TR_LysN_01	985.95422	2	461.206446	1	y4	38.59	13017	272	2	light
KNEEGAPQEGILEDMPVD	sp|P37840-D119|SYUA_HUMAN_D119	WT_LN_bl	985.95422	2	461.206446	1	y4	#N/A	#N/A	#N/A	#N/A	light
KNEEGAPQEGILEDMPVD	sp|P37840-D119|SYUA_HUMAN_D119	00-WT_LysN_01	985.95422	2	461.206446	1	y4	#N/A	#N/A	#N/A	#N/A	light
KNEEGAPQEGILEDMPVD	sp|P37840-D119|SYUA_HUMAN_D119	14-WT_LysN_01	985.95422	2	461.206446	1	y4	#N/A	#N/A	#N/A	#N/A	light
KNEEGAPQEGILEDMPVD	sp|P37840-D119|SYUA_HUMAN_D119	15-WT_LysN_01	985.95422	2	461.206446	1	y4	#N/A	#N/A	#N/A	#N/A	light
KNEEGAPQEGILEDMPVD	sp|P37840-D119|SYUA_HUMAN_D119	16-WT_LysN_01	985.95422	2	461.206446	1	y4	#N/A	#N/A	#N/A	#N/A	light
KNEEGAPQEGILEDMPVD	sp|P37840-D119|SYUA_HUMAN_D119	TR_LN_bl	985.95422	2	501.230353	1	b4	#N/A	#N/A	#N/A	#N/A	light
KNEEGAPQEGILEDMPVD	sp|P37840-D119|SYUA_HUMAN_D119	00-TR_LysN_01	985.95422	2	501.230353	1	b4	37.79	18704	564	4	light
KNEEGAPQEGILEDMPVD	sp|P37840-D119|SYUA_HUMAN_D119	05-TR_LysN_01	985.95422	2	501.230353	1	b4	37.84	9689	1366	4	light
KNEEGAPQEGILEDMPVD	sp|P37840-D119|SYUA_HUMAN_D119	06-TR_LysN_01	985.95422	2	501.230353	1	b4	37.76	15812	0	4	light
KNEEGAPQEGILEDMPVD	sp|P37840-D119|SYUA_HUMAN_D119	HU-TR_LN_bl	985.95422	2	501.230353	1	b4	#N/A	#N/A	#N/A	#N/A	light
KNEEGAPQEGILEDMPVD	sp|P37840-D119|SYUA_HUMAN_D119	119-HU-TR_LysN_01	985.95422	2	501.230353	1	b4	38.43	2925	244	5	light
KNEEGAPQEGILEDMPVD	sp|P37840-D119|SYUA_HUMAN_D119	126-HU-TR_LysN_01	985.95422	2	501.230353	1	b4	38.48	3896	0	4	light
KNEEGAPQEGILEDMPVD	sp|P37840-D119|SYUA_HUMAN_D119	127-HU-TR_LysN_01	985.95422	2	501.230353	1	b4	38.62	4989	243	3	light
KNEEGAPQEGILEDMPVD	sp|P37840-D119|SYUA_HUMAN_D119	WT_LN_bl	985.95422	2	501.230353	1	b4	#N/A	#N/A	#N/A	#N/A	light
KNEEGAPQEGILEDMPVD	sp|P37840-D119|SYUA_HUMAN_D119	00-WT_LysN_01	985.95422	2	501.230353	1	b4	#N/A	#N/A	#N/A	#N/A	light
KNEEGAPQEGILEDMPVD	sp|P37840-D119|SYUA_HUMAN_D119	14-WT_LysN_01	985.95422	2	501.230353	1	b4	#N/A	#N/A	#N/A	#N/A	light
KNEEGAPQEGILEDMPVD	sp|P37840-D119|SYUA_HUMAN_D119	15-WT_LysN_01	985.95422	2	501.230353	1	b4	#N/A	#N/A	#N/A	#N/A	light
KNEEGAPQEGILEDMPVD	sp|P37840-D119|SYUA_HUMAN_D119	16-WT_LysN_01	985.95422	2	501.230353	1	b4	#N/A	#N/A	#N/A	#N/A	light
KNEEGAPQEGILEDMPVD	sp|P37840-D119|SYUA_HUMAN_D119	TR_LN_bl	985.95422	2	558.251817	1	b5	#N/A	#N/A	#N/A	#N/A	light
KNEEGAPQEGILEDMPVD	sp|P37840-D119|SYUA_HUMAN_D119	00-TR_LysN_01	985.95422	2	558.251817	1	b5	37.82	4513	0	12	light
KNEEGAPQEGILEDMPVD	sp|P37840-D119|SYUA_HUMAN_D119	05-TR_LysN_01	985.95422	2	558.251817	1	b5	37.87	7244	0	8	light
KNEEGAPQEGILEDMPVD	sp|P37840-D119|SYUA_HUMAN_D119	06-TR_LysN_01	985.95422	2	558.251817	1	b5	37.79	4433	0	11	light
KNEEGAPQEGILEDMPVD	sp|P37840-D119|SYUA_HUMAN_D119	HU-TR_LN_bl	985.95422	2	558.251817	1	b5	#N/A	#N/A	#N/A	#N/A	light
KNEEGAPQEGILEDMPVD	sp|P37840-D119|SYUA_HUMAN_D119	119-HU-TR_LysN_01	985.95422	2	558.251817	1	b5	38.43	1170	0	12	light
KNEEGAPQEGILEDMPVD	sp|P37840-D119|SYUA_HUMAN_D119	126-HU-TR_LysN_01	985.95422	2	558.251817	1	b5	38.35	865	0	11	light
KNEEGAPQEGILEDMPVD	sp|P37840-D119|SYUA_HUMAN_D119	127-HU-TR_LysN_01	985.95422	2	558.251817	1	b5	38.62	419	0	14	light
KNEEGAPQEGILEDMPVD	sp|P37840-D119|SYUA_HUMAN_D119	WT_LN_bl	985.95422	2	558.251817	1	b5	#N/A	#N/A	#N/A	#N/A	light
KNEEGAPQEGILEDMPVD	sp|P37840-D119|SYUA_HUMAN_D119	00-WT_LysN_01	985.95422	2	558.251817	1	b5	#N/A	#N/A	#N/A	#N/A	light
KNEEGAPQEGILEDMPVD	sp|P37840-D119|SYUA_HUMAN_D119	14-WT_LysN_01	985.95422	2	558.251817	1	b5	#N/A	#N/A	#N/A	#N/A	light
KNEEGAPQEGILEDMPVD	sp|P37840-D119|SYUA_HUMAN_D119	15-WT_LysN_01	985.95422	2	558.251817	1	b5	#N/A	#N/A	#N/A	#N/A	light
KNEEGAPQEGILEDMPVD	sp|P37840-D119|SYUA_HUMAN_D119	16-WT_LysN_01	985.95422	2	558.251817	1	b5	#N/A	#N/A	#N/A	#N/A	light
KNEEGAPQEGILEDMPVD	sp|P37840-D119|SYUA_HUMAN_D119	TR_LN_bl	985.95422	2	629.28893	1	b6	#N/A	#N/A	#N/A	#N/A	light
KNEEGAPQEGILEDMPVD	sp|P37840-D119|SYUA_HUMAN_D119	00-TR_LysN_01	985.95422	2	629.28893	1	b6	37.79	77607	0	1	light
KNEEGAPQEGILEDMPVD	sp|P37840-D119|SYUA_HUMAN_D119	05-TR_LysN_01	985.95422	2	629.28893	1	b6	37.82	57179	0	1	light
KNEEGAPQEGILEDMPVD	sp|P37840-D119|SYUA_HUMAN_D119	06-TR_LysN_01	985.95422	2	629.28893	1	b6	37.76	65996	0	1	light
KNEEGAPQEGILEDMPVD	sp|P37840-D119|SYUA_HUMAN_D119	HU-TR_LN_bl	985.95422	2	629.28893	1	b6	#N/A	#N/A	#N/A	#N/A	light
KNEEGAPQEGILEDMPVD	sp|P37840-D119|SYUA_HUMAN_D119	119-HU-TR_LysN_01	985.95422	2	629.28893	1	b6	38.4	17633	0	1	light
KNEEGAPQEGILEDMPVD	sp|P37840-D119|SYUA_HUMAN_D119	126-HU-TR_LysN_01	985.95422	2	629.28893	1	b6	38.46	13248	786	1	light
KNEEGAPQEGILEDMPVD	sp|P37840-D119|SYUA_HUMAN_D119	127-HU-TR_LysN_01	985.95422	2	629.28893	1	b6	38.62	20531	353	1	light
KNEEGAPQEGILEDMPVD	sp|P37840-D119|SYUA_HUMAN_D119	WT_LN_bl	985.95422	2	629.28893	1	b6	#N/A	#N/A	#N/A	#N/A	light
KNEEGAPQEGILEDMPVD	sp|P37840-D119|SYUA_HUMAN_D119	00-WT_LysN_01	985.95422	2	629.28893	1	b6	#N/A	#N/A	#N/A	#N/A	light
KNEEGAPQEGILEDMPVD	sp|P37840-D119|SYUA_HUMAN_D119	14-WT_LysN_01	985.95422	2	629.28893	1	b6	#N/A	#N/A	#N/A	#N/A	light
KNEEGAPQEGILEDMPVD	sp|P37840-D119|SYUA_HUMAN_D119	15-WT_LysN_01	985.95422	2	629.28893	1	b6	#N/A	#N/A	#N/A	#N/A	light
KNEEGAPQEGILEDMPVD	sp|P37840-D119|SYUA_HUMAN_D119	16-WT_LysN_01	985.95422	2	629.28893	1	b6	#N/A	#N/A	#N/A	#N/A	light
KNEEGAPQEGILEDMPVD	sp|P37840-D119|SYUA_HUMAN_D119	TR_LN_bl	985.95422	2	726.341694	1	b7	#N/A	#N/A	#N/A	#N/A	light
KNEEGAPQEGILEDMPVD	sp|P37840-D119|SYUA_HUMAN_D119	00-TR_LysN_01	985.95422	2	726.341694	1	b7	37.79	8884	0	7	light
KNEEGAPQEGILEDMPVD	sp|P37840-D119|SYUA_HUMAN_D119	05-TR_LysN_01	985.95422	2	726.341694	1	b7	37.82	7712	0	6	light
KNEEGAPQEGILEDMPVD	sp|P37840-D119|SYUA_HUMAN_D119	06-TR_LysN_01	985.95422	2	726.341694	1	b7	37.79	6797	0	7	light
KNEEGAPQEGILEDMPVD	sp|P37840-D119|SYUA_HUMAN_D119	HU-TR_LN_bl	985.95422	2	726.341694	1	b7	#N/A	#N/A	#N/A	#N/A	light
KNEEGAPQEGILEDMPVD	sp|P37840-D119|SYUA_HUMAN_D119	119-HU-TR_LysN_01	985.95422	2	726.341694	1	b7	38.4	1679	0	11	light
KNEEGAPQEGILEDMPVD	sp|P37840-D119|SYUA_HUMAN_D119	126-HU-TR_LysN_01	985.95422	2	726.341694	1	b7	38.51	1417	0	8	light
KNEEGAPQEGILEDMPVD	sp|P37840-D119|SYUA_HUMAN_D119	127-HU-TR_LysN_01	985.95422	2	726.341694	1	b7	38.62	1430	0	13	light
KNEEGAPQEGILEDMPVD	sp|P37840-D119|SYUA_HUMAN_D119	WT_LN_bl	985.95422	2	726.341694	1	b7	#N/A	#N/A	#N/A	#N/A	light
KNEEGAPQEGILEDMPVD	sp|P37840-D119|SYUA_HUMAN_D119	00-WT_LysN_01	985.95422	2	726.341694	1	b7	#N/A	#N/A	#N/A	#N/A	light
KNEEGAPQEGILEDMPVD	sp|P37840-D119|SYUA_HUMAN_D119	14-WT_LysN_01	985.95422	2	726.341694	1	b7	#N/A	#N/A	#N/A	#N/A	light
KNEEGAPQEGILEDMPVD	sp|P37840-D119|SYUA_HUMAN_D119	15-WT_LysN_01	985.95422	2	726.341694	1	b7	#N/A	#N/A	#N/A	#N/A	light
KNEEGAPQEGILEDMPVD	sp|P37840-D119|SYUA_HUMAN_D119	16-WT_LysN_01	985.95422	2	726.341694	1	b7	#N/A	#N/A	#N/A	#N/A	light
KNEEGAPQEGILEDMPVD	sp|P37840-D119|SYUA_HUMAN_D119	TR_LN_bl	985.95422	2	854.400272	1	b8	#N/A	#N/A	#N/A	#N/A	light
KNEEGAPQEGILEDMPVD	sp|P37840-D119|SYUA_HUMAN_D119	00-TR_LysN_01	985.95422	2	854.400272	1	b8	37.79	6839	0	10	light
KNEEGAPQEGILEDMPVD	sp|P37840-D119|SYUA_HUMAN_D119	05-TR_LysN_01	985.95422	2	854.400272	1	b8	37.82	7675	0	7	light
KNEEGAPQEGILEDMPVD	sp|P37840-D119|SYUA_HUMAN_D119	06-TR_LysN_01	985.95422	2	854.400272	1	b8	37.79	5947	56	9	light
KNEEGAPQEGILEDMPVD	sp|P37840-D119|SYUA_HUMAN_D119	HU-TR_LN_bl	985.95422	2	854.400272	1	b8	#N/A	#N/A	#N/A	#N/A	light
KNEEGAPQEGILEDMPVD	sp|P37840-D119|SYUA_HUMAN_D119	119-HU-TR_LysN_01	985.95422	2	854.400272	1	b8	38.43	3549	0	4	light
KNEEGAPQEGILEDMPVD	sp|P37840-D119|SYUA_HUMAN_D119	126-HU-TR_LysN_01	985.95422	2	854.400272	1	b8	38.56	662	0	12	light
KNEEGAPQEGILEDMPVD	sp|P37840-D119|SYUA_HUMAN_D119	127-HU-TR_LysN_01	985.95422	2	854.400272	1	b8	38.62	2442	0	8	light
KNEEGAPQEGILEDMPVD	sp|P37840-D119|SYUA_HUMAN_D119	WT_LN_bl	985.95422	2	854.400272	1	b8	#N/A	#N/A	#N/A	#N/A	light
KNEEGAPQEGILEDMPVD	sp|P37840-D119|SYUA_HUMAN_D119	00-WT_LysN_01	985.95422	2	854.400272	1	b8	#N/A	#N/A	#N/A	#N/A	light
KNEEGAPQEGILEDMPVD	sp|P37840-D119|SYUA_HUMAN_D119	14-WT_LysN_01	985.95422	2	854.400272	1	b8	#N/A	#N/A	#N/A	#N/A	light
KNEEGAPQEGILEDMPVD	sp|P37840-D119|SYUA_HUMAN_D119	15-WT_LysN_01	985.95422	2	854.400272	1	b8	#N/A	#N/A	#N/A	#N/A	light
KNEEGAPQEGILEDMPVD	sp|P37840-D119|SYUA_HUMAN_D119	16-WT_LysN_01	985.95422	2	854.400272	1	b8	#N/A	#N/A	#N/A	#N/A	light
KNEEGAPQEGILEDMPVD	sp|P37840-D119|SYUA_HUMAN_D119	TR_LN_bl	985.95422	2	983.442865	1	b9	#N/A	#N/A	#N/A	#N/A	light
KNEEGAPQEGILEDMPVD	sp|P37840-D119|SYUA_HUMAN_D119	00-TR_LysN_01	985.95422	2	983.442865	1	b9	37.79	10811	0	6	light
KNEEGAPQEGILEDMPVD	sp|P37840-D119|SYUA_HUMAN_D119	05-TR_LysN_01	985.95422	2	983.442865	1	b9	37.79	7187	0	9	light
KNEEGAPQEGILEDMPVD	sp|P37840-D119|SYUA_HUMAN_D119	06-TR_LysN_01	985.95422	2	983.442865	1	b9	37.76	10557	0	5	light
KNEEGAPQEGILEDMPVD	sp|P37840-D119|SYUA_HUMAN_D119	HU-TR_LN_bl	985.95422	2	983.442865	1	b9	#N/A	#N/A	#N/A	#N/A	light
KNEEGAPQEGILEDMPVD	sp|P37840-D119|SYUA_HUMAN_D119	119-HU-TR_LysN_01	985.95422	2	983.442865	1	b9	38.4	2597	0	6	light
KNEEGAPQEGILEDMPVD	sp|P37840-D119|SYUA_HUMAN_D119	126-HU-TR_LysN_01	985.95422	2	983.442865	1	b9	38.51	1552	0	6	light
KNEEGAPQEGILEDMPVD	sp|P37840-D119|SYUA_HUMAN_D119	127-HU-TR_LysN_01	985.95422	2	983.442865	1	b9	38.56	2295	0	9	light
KNEEGAPQEGILEDMPVD	sp|P37840-D119|SYUA_HUMAN_D119	WT_LN_bl	985.95422	2	983.442865	1	b9	#N/A	#N/A	#N/A	#N/A	light
KNEEGAPQEGILEDMPVD	sp|P37840-D119|SYUA_HUMAN_D119	00-WT_LysN_01	985.95422	2	983.442865	1	b9	#N/A	#N/A	#N/A	#N/A	light
KNEEGAPQEGILEDMPVD	sp|P37840-D119|SYUA_HUMAN_D119	14-WT_LysN_01	985.95422	2	983.442865	1	b9	#N/A	#N/A	#N/A	#N/A	light
KNEEGAPQEGILEDMPVD	sp|P37840-D119|SYUA_HUMAN_D119	15-WT_LysN_01	985.95422	2	983.442865	1	b9	#N/A	#N/A	#N/A	#N/A	light
KNEEGAPQEGILEDMPVD	sp|P37840-D119|SYUA_HUMAN_D119	16-WT_LysN_01	985.95422	2	983.442865	1	b9	#N/A	#N/A	#N/A	#N/A	light
KNEEGAPQEGILEDMPVD	sp|P37840-D119|SYUA_HUMAN_D119	TR_LN_bl	985.95422	2	1040.464329	1	b10	#N/A	#N/A	#N/A	#N/A	light
KNEEGAPQEGILEDMPVD	sp|P37840-D119|SYUA_HUMAN_D119	00-TR_LysN_01	985.95422	2	1040.464329	1	b10	37.79	10922	0	5	light
KNEEGAPQEGILEDMPVD	sp|P37840-D119|SYUA_HUMAN_D119	05-TR_LysN_01	985.95422	2	1040.464329	1	b10	37.82	9295	0	5	light
KNEEGAPQEGILEDMPVD	sp|P37840-D119|SYUA_HUMAN_D119	06-TR_LysN_01	985.95422	2	1040.464329	1	b10	37.76	9291	0	6	light
KNEEGAPQEGILEDMPVD	sp|P37840-D119|SYUA_HUMAN_D119	HU-TR_LN_bl	985.95422	2	1040.464329	1	b10	#N/A	#N/A	#N/A	#N/A	light
KNEEGAPQEGILEDMPVD	sp|P37840-D119|SYUA_HUMAN_D119	119-HU-TR_LysN_01	985.95422	2	1040.464329	1	b10	38.4	2313	0	8	light
KNEEGAPQEGILEDMPVD	sp|P37840-D119|SYUA_HUMAN_D119	126-HU-TR_LysN_01	985.95422	2	1040.464329	1	b10	38.54	1492	0	7	light
KNEEGAPQEGILEDMPVD	sp|P37840-D119|SYUA_HUMAN_D119	127-HU-TR_LysN_01	985.95422	2	1040.464329	1	b10	38.62	3043	0	5	light
KNEEGAPQEGILEDMPVD	sp|P37840-D119|SYUA_HUMAN_D119	WT_LN_bl	985.95422	2	1040.464329	1	b10	#N/A	#N/A	#N/A	#N/A	light
KNEEGAPQEGILEDMPVD	sp|P37840-D119|SYUA_HUMAN_D119	00-WT_LysN_01	985.95422	2	1040.464329	1	b10	#N/A	#N/A	#N/A	#N/A	light
KNEEGAPQEGILEDMPVD	sp|P37840-D119|SYUA_HUMAN_D119	14-WT_LysN_01	985.95422	2	1040.464329	1	b10	#N/A	#N/A	#N/A	#N/A	light
KNEEGAPQEGILEDMPVD	sp|P37840-D119|SYUA_HUMAN_D119	15-WT_LysN_01	985.95422	2	1040.464329	1	b10	#N/A	#N/A	#N/A	#N/A	light
KNEEGAPQEGILEDMPVD	sp|P37840-D119|SYUA_HUMAN_D119	16-WT_LysN_01	985.95422	2	1040.464329	1	b10	#N/A	#N/A	#N/A	#N/A	light
KNEEGAPQEGILEDMPVD	sp|P37840-D119|SYUA_HUMAN_D119	TR_LN_bl	985.95422	2	1153.548393	1	b11	#N/A	#N/A	#N/A	#N/A	light
KNEEGAPQEGILEDMPVD	sp|P37840-D119|SYUA_HUMAN_D119	00-TR_LysN_01	985.95422	2	1153.548393	1	b11	37.82	19818	0	3	light
KNEEGAPQEGILEDMPVD	sp|P37840-D119|SYUA_HUMAN_D119	05-TR_LysN_01	985.95422	2	1153.548393	1	b11	37.79	16501	0	3	light
KNEEGAPQEGILEDMPVD	sp|P37840-D119|SYUA_HUMAN_D119	06-TR_LysN_01	985.95422	2	1153.548393	1	b11	37.79	17388	0	3	light
KNEEGAPQEGILEDMPVD	sp|P37840-D119|SYUA_HUMAN_D119	HU-TR_LN_bl	985.95422	2	1153.548393	1	b11	#N/A	#N/A	#N/A	#N/A	light
KNEEGAPQEGILEDMPVD	sp|P37840-D119|SYUA_HUMAN_D119	119-HU-TR_LysN_01	985.95422	2	1153.548393	1	b11	38.35	4002	0	3	light
KNEEGAPQEGILEDMPVD	sp|P37840-D119|SYUA_HUMAN_D119	126-HU-TR_LysN_01	985.95422	2	1153.548393	1	b11	38.43	4514	0	3	light
KNEEGAPQEGILEDMPVD	sp|P37840-D119|SYUA_HUMAN_D119	127-HU-TR_LysN_01	985.95422	2	1153.548393	1	b11	38.59	3822	0	4	light
KNEEGAPQEGILEDMPVD	sp|P37840-D119|SYUA_HUMAN_D119	WT_LN_bl	985.95422	2	1153.548393	1	b11	#N/A	#N/A	#N/A	#N/A	light
KNEEGAPQEGILEDMPVD	sp|P37840-D119|SYUA_HUMAN_D119	00-WT_LysN_01	985.95422	2	1153.548393	1	b11	#N/A	#N/A	#N/A	#N/A	light
KNEEGAPQEGILEDMPVD	sp|P37840-D119|SYUA_HUMAN_D119	14-WT_LysN_01	985.95422	2	1153.548393	1	b11	#N/A	#N/A	#N/A	#N/A	light
KNEEGAPQEGILEDMPVD	sp|P37840-D119|SYUA_HUMAN_D119	15-WT_LysN_01	985.95422	2	1153.548393	1	b11	#N/A	#N/A	#N/A	#N/A	light
KNEEGAPQEGILEDMPVD	sp|P37840-D119|SYUA_HUMAN_D119	16-WT_LysN_01	985.95422	2	1153.548393	1	b11	#N/A	#N/A	#N/A	#N/A	light
KNEEGAPQEGILEDMPVD	sp|P37840-D119|SYUA_HUMAN_D119	TR_LN_bl	985.95422	2	1266.632457	1	b12	#N/A	#N/A	#N/A	#N/A	light
KNEEGAPQEGILEDMPVD	sp|P37840-D119|SYUA_HUMAN_D119	00-TR_LysN_01	985.95422	2	1266.632457	1	b12	37.84	7020	0	9	light
KNEEGAPQEGILEDMPVD	sp|P37840-D119|SYUA_HUMAN_D119	05-TR_LysN_01	985.95422	2	1266.632457	1	b12	37.84	5138	0	10	light
KNEEGAPQEGILEDMPVD	sp|P37840-D119|SYUA_HUMAN_D119	06-TR_LysN_01	985.95422	2	1266.632457	1	b12	37.76	5980	0	8	light
KNEEGAPQEGILEDMPVD	sp|P37840-D119|SYUA_HUMAN_D119	HU-TR_LN_bl	985.95422	2	1266.632457	1	b12	#N/A	#N/A	#N/A	#N/A	light
KNEEGAPQEGILEDMPVD	sp|P37840-D119|SYUA_HUMAN_D119	119-HU-TR_LysN_01	985.95422	2	1266.632457	1	b12	38.38	2122	0	10	light
KNEEGAPQEGILEDMPVD	sp|P37840-D119|SYUA_HUMAN_D119	126-HU-TR_LysN_01	985.95422	2	1266.632457	1	b12	38.48	1006	0	10	light
KNEEGAPQEGILEDMPVD	sp|P37840-D119|SYUA_HUMAN_D119	127-HU-TR_LysN_01	985.95422	2	1266.632457	1	b12	38.62	1884	0	10	light
KNEEGAPQEGILEDMPVD	sp|P37840-D119|SYUA_HUMAN_D119	WT_LN_bl	985.95422	2	1266.632457	1	b12	#N/A	#N/A	#N/A	#N/A	light
KNEEGAPQEGILEDMPVD	sp|P37840-D119|SYUA_HUMAN_D119	00-WT_LysN_01	985.95422	2	1266.632457	1	b12	#N/A	#N/A	#N/A	#N/A	light
KNEEGAPQEGILEDMPVD	sp|P37840-D119|SYUA_HUMAN_D119	14-WT_LysN_01	985.95422	2	1266.632457	1	b12	#N/A	#N/A	#N/A	#N/A	light
KNEEGAPQEGILEDMPVD	sp|P37840-D119|SYUA_HUMAN_D119	15-WT_LysN_01	985.95422	2	1266.632457	1	b12	#N/A	#N/A	#N/A	#N/A	light
KNEEGAPQEGILEDMPVD	sp|P37840-D119|SYUA_HUMAN_D119	16-WT_LysN_01	985.95422	2	1266.632457	1	b12	#N/A	#N/A	#N/A	#N/A	light
KNEEGAPQEGILEDMPVD	sp|P37840-D119|SYUA_HUMAN_D119	TR_LN_bl	985.95422	2	1395.67505	1	b13	#N/A	#N/A	#N/A	#N/A	light
KNEEGAPQEGILEDMPVD	sp|P37840-D119|SYUA_HUMAN_D119	00-TR_LysN_01	985.95422	2	1395.67505	1	b13	37.79	3591	0	14	light
KNEEGAPQEGILEDMPVD	sp|P37840-D119|SYUA_HUMAN_D119	05-TR_LysN_01	985.95422	2	1395.67505	1	b13	37.82	2394	0	15	light
KNEEGAPQEGILEDMPVD	sp|P37840-D119|SYUA_HUMAN_D119	06-TR_LysN_01	985.95422	2	1395.67505	1	b13	37.84	2504	0	14	light
KNEEGAPQEGILEDMPVD	sp|P37840-D119|SYUA_HUMAN_D119	HU-TR_LN_bl	985.95422	2	1395.67505	1	b13	#N/A	#N/A	#N/A	#N/A	light
KNEEGAPQEGILEDMPVD	sp|P37840-D119|SYUA_HUMAN_D119	119-HU-TR_LysN_01	985.95422	2	1395.67505	1	b13	38.35	79	0	14	light
KNEEGAPQEGILEDMPVD	sp|P37840-D119|SYUA_HUMAN_D119	126-HU-TR_LysN_01	985.95422	2	1395.67505	1	b13	38.4	606	0	13	light
KNEEGAPQEGILEDMPVD	sp|P37840-D119|SYUA_HUMAN_D119	127-HU-TR_LysN_01	985.95422	2	1395.67505	1	b13	38.64	1440	0	12	light
KNEEGAPQEGILEDMPVD	sp|P37840-D119|SYUA_HUMAN_D119	WT_LN_bl	985.95422	2	1395.67505	1	b13	#N/A	#N/A	#N/A	#N/A	light
KNEEGAPQEGILEDMPVD	sp|P37840-D119|SYUA_HUMAN_D119	00-WT_LysN_01	985.95422	2	1395.67505	1	b13	#N/A	#N/A	#N/A	#N/A	light
KNEEGAPQEGILEDMPVD	sp|P37840-D119|SYUA_HUMAN_D119	14-WT_LysN_01	985.95422	2	1395.67505	1	b13	#N/A	#N/A	#N/A	#N/A	light
KNEEGAPQEGILEDMPVD	sp|P37840-D119|SYUA_HUMAN_D119	15-WT_LysN_01	985.95422	2	1395.67505	1	b13	#N/A	#N/A	#N/A	#N/A	light
KNEEGAPQEGILEDMPVD	sp|P37840-D119|SYUA_HUMAN_D119	16-WT_LysN_01	985.95422	2	1395.67505	1	b13	#N/A	#N/A	#N/A	#N/A	light
